Ябълки,Плодове
Круши,Плодове
Банани,Плодове
Портокали,Плодове
Лимони,Плодове
Грозде,Плодове
Растителни напитки,Други напитки
Фъстъчено масло с мед,Масла
Бобови смеси,Варива
Камбала,Риба
Леща микс,Варива
Зърнени смеси,Варива
"Яйца (М, L, XL размери)",Яйца
Пъдпъдъчи яйца,Яйца
Яйца от ферма (био),Яйца
Яйца с два жълтъка,Яйца
Яйца на прах,Яйца
Течни яйца,Яйца
Свежи яйца,Яйца
Пастьоризирани яйца,Яйца
Яйца от свободно отглеждане,Яйца
Органични яйца,Яйца
Пармезан,Млечни продукти
Бри,Млечни продукти
Камамбер,Млечни продукти
Йогурт,Млечни продукти
"Вино (червено, бяло, розе)",Алкохол
Ракия,Алкохол
Водка,Алкохол
Уиски,Алкохол
Коняк,Алкохол
Джин,Алкохол
Ликьор,Алкохол
Текила,Алкохол
Бренди,Алкохол
Ром,Алкохол
Шампанско,Алкохол
Абсент,Алкохол
Аперитиви,Алкохол
Сайдер,Алкохол
Вермут,Алкохол
Светла бира,Бира
Тъмна бира,Бира
Пшенична бира,Бира
Пилзен бира,Бира
Лагер,Бира
Индийски пейл ейл (IPA),Бира
Стаут,Бира
Портер,Бира
Безалкохолна бира,Бира
Крафт бира,Бира
Плодов бира,Бира
Световни бири,Бира
Премиум бири,Бира
Локални бири,Бира
Радлер,Бира
Боровинки,Плодове
Малини,Плодове
Череши,Плодове
Киви,Плодове
Сини сливи,Плодове
Праскови,Плодове
Картофи,Зеленчуци
Зеле,Зеленчуци
Спанак,Зеленчуци
Броколи,Зеленчуци
Карфиол,Зеленчуци
Аспержи,Зеленчуци
Мляно кафе,Кафе
Кафе на зърна,Кафе
Кафе капсули,Кафе
Разтворимо кафе,Кафе
Декофеинизирано кафе,Кафе
Ароматизирано кафе,Кафе
Еспресо кафе,Кафе
Френска преса кафе,Кафе
Лате макиато,Кафе
Кафе 3 в 1,Кафе
Кафе микс,Кафе
Студено кафе,Кафе
Италианско кафе,Кафе
Сушени плодове,Сушени продукти
Ядки,Ядки
Овесени ядки,Ядки
Киноа,Ядки
Чиа семена,Ядки
Слънчогледови семки,Ядки
Тиквени семки,Ядки
Фъстъци,Ядки
Бадеми,Ядки
Орехи,Ядки
Кокосово масло,Масла
Ленено масло,Масла
Фъстъчено масло,Масла
Нутела,Сладки
Сухари,Солени изделия
Крекери,Солени изделия
Солети,Солени изделия
Настолни игри,Играчки
Фигурки,Играчки
Играчки за баня,Играчки
Балони,Играчки
Топки,Играчки
Лего,Играчки
Хляб,Други
Паста,Други
Ориз,Други
Брашно,Други
Захар,Други
Сол,Други
Олио,Други
Зехтин,Други
"Консерви (грах, боб, царевица)",Други
"Сладкиши (бисквити, вафли, шоколад)",Други
Мюсли,Други
Макарони,Други
Прах за пране,Препарати
Препарат за миене на съдове,Препарати
Препарат за стъкла,Препарати
Препарат за под,Препарати
Препарат за баня,Препарати
Препарат за кухня,Препарати
Препарат за дезинфекция,Препарати
Спагети,Други
Леща,Други
Боб,Други
Овесени бисквити,Бисквити
Мюсли с плодове,Мюсли
Протеинови коктейли,Енергийни напитки
Пастет,Консерви
Хумус,Консерви
Сушено месо,Консерви
Захаросани плодове,Сладки
Брашно от кокос,Брашна
Какао на прах,Брашна
Какао на прах,Шоколад
Енергийни напитки,Енергийни напитки
Смути миксове,Млека
Оризово мляко,Млека
Соево мляко,Млека
Бадемово мляко,Млека
Кокосова вода,Други напитки
Растителни масла,Масла
Сушени гъби,Сушени продукти
Морски водорасли,Морски дарове
Чай,Чай
Билков чай,Чай
Зелен чай,Чай
Черен чай,Чай
Овесено мляко,Млека
Сорбе,Млека
Безглутенови продукти,Био
Органични храни,Био
Веган сирене,Био
Тофу,Био
Темпе,Био
Сеитан,Био
Мисо паста,Био
Кимчи,Био
Квас,Други напитки
Кисели краставички,Консерви
Ферментирали зеленчуци,Консерви
Прах за пране,Нехранителни стоки
Омекотител,Нехранителни стоки
Препарат за миене на съдове,Нехранителни стоки
Препарат за стъкла,Нехранителни стоки
Зеленчукови смеси,Варива
Почистващи кърпи,Нехранителни стоки
Ролетка,Неща за майстори
Отвертка,Неща за майстори
Гаечен ключ,Неща за майстори
Пили,Неща за майстори
Домакинска хартия,Нехранителни стоки
Препарати за почистване,Нехранителни стоки
Тоалетна хартия,Нехранителни стоки
Сапун,Нехранителни стоки
Шампоан,Нехранителни стоки
Паста за зъби,Нехранителни стоки
Четки за зъби,Нехранителни стоки
Гъби за съдове,Нехранителни стоки
Торбички за боклук,Нехранителни стоки
Алуминиево фолио,Нехранителни стоки
Свредла,Неща за майстори
Силикон,Неща за майстори
Лепило,Неща за майстори
Пирони,Неща за майстори
Винтове,Неща за майстори
Шпатула,Неща за майстори
Винтоверт,Неща за майстори
Дюбели,Неща за майстори
Ножовка,Неща за майстори
Веган шоколад,Био
Ръкавици,Неща за майстори
Четки за боядисване,Неща за майстори
Къпини,Плодове
Манго,Плодове
Папая,Плодове
Домати,Зеленчуци
Краставици,Зеленчуци
Чушки,Зеленчуци
Моркови,Зеленчуци
Лук,Зеленчуци
Чесън,Зеленчуци
Тиквички,Зеленчуци
Патладжан,Зеленчуци
Гъби,Зеленчуци
Сусамово масло,Масла
Фъстъчено масло с шоколад,Масла
Орехово масло,Масла
Чипс,Солени изделия
Пуканки,Солени изделия
Сушено месо от говеждо,Сушени продукти
Сушено месо от пуешко,Сушени продукти
Сушено месо от свинско,Сушени продукти
Крекери без глутен,Солени изделия
Оризови крекери,Солени изделия
Киноа чипс,Солени изделия
Зеленчукови чипсове,Солени изделия
Плодови крекери,Солени изделия
Протеинови палачинки,Солени изделия
Кето хляб,Био
Веган майонеза,Майонеза
Кокосово мляко,Млека
Рисувателни комплекти,Играчки
Куклен театър,Играчки
Детски музикални инструменти,Играчки
Свинско месо,Месо
Телешко месо,Месо
Пилешко месо,Месо
Агнешко месо,Месо
Заешко месо,Месо
Пушена шунка,Месо
Салами,Месо
Суджук,Месо
Хамон,Месо
Пуйка,Месо
Колбаси,Месо
Бекон,Месо
Кайма,Месо
Наденица,Месо
Филе,Месо
Патешко месо,Месо
Луканка,Месо
Сьомга,Риба
Пъстърва,Риба
Риба тон,Риба
Скумрия,Риба
Костур,Риба
Калкан,Риба
Херинга,Риба
Аншоа,Риба
Рибни филета,Риба
Ванилов сладолед,Сладолед
Шоколадов сладолед,Сладолед
Ягодов сладолед,Сладолед
Сладолед с карамел,Сладолед
Фъстъчено масло сладолед,Сладолед
Ментов сладолед с шоколад,Сладолед
Сладолед със солен карамел,Сладолед
Тирамису сладолед,Сладолед
Фруктов сладолед,Сладолед
Плодов сладолед,Сладолед
Млечен сладолед,Сладолед
Сладолед с бисквити,Сладолед
Сладолед с кокос,Сладолед
Сладолед със сироп,Сладолед
Сладоледени торти,Сладолед
Кашкавал,Млечни продукти
"Сирене (бяло, синьо, жълто)",Млечни продукти
Кисело мляко,Млечни продукти
Прясно мляко,Млечни продукти
Сметана,Млечни продукти
Извара,Млечни продукти
Масло,Млечни продукти
Крема сирене,Млечни продукти
Сметана за готвене,Млечни продукти
Рикота,Млечни продукти
Моцарела,Млечни продукти
Миди,Риба
Октопод,Риба
Калмари,Риба
Рапани,Риба
"Морски дарове (скариди, миди)",Риба
Конструктори,Играчки
Плюшени играчки,Играчки
Кукли,Играчки
Автомобили играчки,Играчки
Пъзели,Играчки
Образователни игри,Играчки
Препарат за дърво,Препарати
Препарат за метал,Препарати
Универсален почистващ препарат,Препарати
Белина,Препарати
Препарат за петна,Препарати
Песто,Консерви
Тахан,Консерви
Соев сос,Сосове
Оризов оцет,Оцет
Сушени домати,Сушени продукти
Слънчогледово олио,Олио
Трюфелово масло,Масла
Маслинова паста,Паста
Кокосови стърготини,Био
Бадемово масло,Масла
Кашу масло,Масла
Освежител за въздух,Препарати
Таблетки за съдомиялна,Препарати
Препарат за мека мебел,Препарати
Чук,Неща за майстори